location-sku,Month 1 - 12 values,algorithm,rmse,mape
ZTRD-0 B X G-10612523,"[6139.797651 6139.797651 6139.797651 6139.797651 6139.797651 6139.797651
 6139.797651 6139.797651 6139.797651 6139.797651 6139.797651 6139.797651
 6139.797651]",SES,3104.1383222234963,82.9479799176022
ZTRD-1 A X E-20729370,"[26.00955726 12.92725892 12.92725892 12.92725892 12.92725892 12.92725892
 12.92725892 12.92725892 12.92725892 12.92725892 12.92725892 12.92725892
 12.92725892]",MOVING AVERAGE,7.13958705160438,29.986593278991535
