location-sku,Month 1 - 12 values,algorithm,rmse,mape
ZTRD-0 B X G-30023114,"[747.0279537090499, 747.1591344075463, 747.1860945657522, 747.1930202970261, 747.1929716423092, 747.1939854792399, 747.1934286458489, 747.1951875756711, 747.1950375509912, 747.194277534978, 747.1929304819809, 747.1940956057979]",ARMA,536.6487972472848,74.17522232857866
ZTRD-0 B X G-10612523,"[6237.354789086294, 6235.02704750326, 6235.41505284815, 6235.3875479735925, 6235.37601008093, 6235.37574433174, 6235.354463126945, 6235.418860175588, 6235.3535567129275, 6235.359516121675, 6235.3995549419, 6235.351259883512]",ARMA,3088.3359354718955,82.95392130287922
ZTRD-1 A X E-20729370,"[11.640839533968489, 11.459376382558922, 11.37840547640636, 11.287724578842564, 11.210062225950338, 11.210684518991979, 11.250992220013213, 11.214030119078267, 11.237442484179827, 11.283999807660937, 11.3060551135789, 11.351263054861327]",AR,6.8860570889666075,30.994397136804057
