location-sku,Month 1 - 12 values,algorithm,rmse,mape
ZTRD-2 A I B-10612501,"[423.01819905692815, 250.19406861942582, 282.03499549636507, 293.7187241774541, 264.41973992566614, 295.2616727233678, 342.0675517524189, 367.89452709388024, 265.1091210947015, 251.0505743181004, 354.91295690022923, 383.02829612821944]",SARIMA,113.3295881690015,38.12622500802887
